"Artist","Song","Page path","YouTube URL","HTTP status","Finding"
"Slade","Merry Xmas Everybody","/christmas-artist/7-slade-merry-xmas-everybody","https://www.youtube.com/watch?v=0A8KT365wlA","404","oEmbed not found; likely unavailable, confirm manually"
"Barbra Streisand","The Christmas Song","/christmas-artist/84-barbra-streisand-the-christmas-song","https://www.youtube.com/watch?v=1-Vn0RsLvNM","401","oEmbed access denied; review privacy or embedding restrictions"
"Nat King Cole","O Tannenbaum","/christmas-artist/244-nat-king-cole-o-tannenbaum","https://www.youtube.com/watch?v=2mP9T8BQ_bQ","404","oEmbed not found; likely unavailable, confirm manually"
"Jonathan Antoine","Christmas Dream Come True","/christmas-artist/453-jonathan-antoine-christmas-dream-come-true","https://www.youtube.com/watch?v=2qXSzLF7TUg","403","oEmbed access denied; review privacy or embedding restrictions"
"James Brown","The Christmas Song","/christmas-artist/120-james-brown-the-christmas-song","https://www.youtube.com/watch?v=35MNkV1pXUA","404","oEmbed not found; likely unavailable, confirm manually"
"Ariana Grande","Last Christmas","/christmas-artist/75-ariana-grande-last-christmas","https://www.youtube.com/watch?v=3GscxGJxlOY","404","oEmbed not found; likely unavailable, confirm manually"
"Freiheit","Keeping The Dream Alive","/christmas-artist/44-freiheit-keeping-the-dream-alive","https://www.youtube.com/watch?v=56scx2Cdpyw","404","oEmbed not found; likely unavailable, confirm manually"
"Frank Sinatra & Cyndi Lauper","Santa Claus Is Coming To Town","/christmas-artist/111-frank-sinatra-cyndi-lauper-santa-claus-is-coming-to-town","https://www.youtube.com/watch?v=5MzvrTbw0Mk","403","oEmbed access denied; review privacy or embedding restrictions"
"The Ronettes","Frosty The Snowman","/christmas-artist/183-the-ronettes-frosty-the-snowman","https://www.youtube.com/watch?v=76sh1BWCQSc","404","oEmbed not found; likely unavailable, confirm manually"
"Geraldine McQueen","Once Upon a Christmas Song","/christmas-artist/113-geraldine-mcqueen-once-upon-a-christmas-song","https://www.youtube.com/watch?v=8kmPz5IbU90","403","oEmbed access denied; review privacy or embedding restrictions"
"Dido","Christmas Day","/christmas-artist/50-dido-christmas-day","https://www.youtube.com/watch?v=CMFzQhR9dJw","404","oEmbed not found; likely unavailable, confirm manually"
"The Wombles","Wombling Merry Christmas","/christmas-artist/150-the-wombles-wombling-merry-christmas","https://www.youtube.com/watch?v=DzAL9ELsFRw","404","oEmbed not found; likely unavailable, confirm manually"
"Michael Buble","Blue Christmas","/christmas-artist/133-michael-buble-blue-christmas","https://www.youtube.com/watch?v=EJsDeLdLFY0","404","oEmbed not found; likely unavailable, confirm manually"
"Snap!","Mary Had A Little Boy","/christmas-artist/229-snap-mary-had-a-little-boy","https://www.youtube.com/watch?v=EMEWokWxbmQ","404","oEmbed not found; likely unavailable, confirm manually"
"Sia","Naughty & Nice","/christmas-artist/538-sia-naughty-nice","https://www.youtube.com/watch?v=EZTaWYWP68E","404","oEmbed not found; likely unavailable, confirm manually"
"Marie Lind","Unwrap my Heart","/christmas-artist/506-marie-lind-unwrap-my-heart","https://www.youtube.com/watch?v=H2dWHJm-6qM","403","oEmbed access denied; review privacy or embedding restrictions"
"Andy Williams","Happy Holidays","/christmas-artist/185-andy-williams-happy-holidays","https://www.youtube.com/watch?v=H2pQbphEipc","404","oEmbed not found; likely unavailable, confirm manually"
"Wilson Phillips","Silent Night","/christmas-artist/276-wilson-phillips-silent-night","https://www.youtube.com/watch?v=Ie5I8WapVBI","404","oEmbed not found; likely unavailable, confirm manually"
"Greg Lake","I Believe In Father Christmas","/christmas-artist/42-greg-lake-i-believe-in-father-christmas","https://www.youtube.com/watch?v=JPm6CheT6rs","404","oEmbed not found; likely unavailable, confirm manually"
"Nat King Cole","Frosty The Snowman","/christmas-artist/137-nat-king-cole-frosty-the-snowman","https://www.youtube.com/watch?v=JShpmsmptj4","404","oEmbed not found; likely unavailable, confirm manually"
"The Fireside Singers","We Wish You A Merry Christmas","/christmas-artist/289-the-fireside-singers-we-wish-you-a-merry-christmas","https://www.youtube.com/watch?v=KB6g5KUM_LI","404","oEmbed not found; likely unavailable, confirm manually"
"Bo Selecta","Proper Crimbo","/christmas-artist/66-bo-selecta-proper-crimbo","https://www.youtube.com/watch?v=MqBF7TiyATo","404","oEmbed not found; likely unavailable, confirm manually"
"Bobby Vee","Christmas Vacation","/christmas-artist/96-bobby-vee-christmas-vacation","https://www.youtube.com/watch?v=N9itH65j7Jk","404","oEmbed not found; likely unavailable, confirm manually"
"Michael Buble","Silver Bells","/christmas-artist/333-michael-buble-silver-bells","https://www.youtube.com/watch?v=NBLnevQ9yKU","404","oEmbed not found; likely unavailable, confirm manually"
"Sammy Davis Jr.","Jingle Bells","/christmas-artist/222-sammy-davis-jr-jingle-bells","https://www.youtube.com/watch?v=OXUSdHAVNoM","403","oEmbed access denied; review privacy or embedding restrictions"
"Chris Rea","Driving Home For Christmas","/christmas-artist/60-chris-rea-driving-home-for-christmas","https://www.youtube.com/watch?v=THcbQyFtCqg","404","oEmbed not found; likely unavailable, confirm manually"
"Michael Ball","Driving Home For Christmas","/christmas-artist/176-michael-ball-driving-home-for-christmas","https://www.youtube.com/watch?v=THcbQyFtCqg","404","oEmbed not found; likely unavailable, confirm manually"
"Frank Sinatra","White Christmas","/christmas-artist/370-frank-sinatra-white-christmas","https://www.youtube.com/watch?v=U3YltnBjqZU","404","oEmbed not found; likely unavailable, confirm manually"
"Vanessa Williams","What Child Is This?","/christmas-artist/292-vanessa-williams-what-child-is-this","https://www.youtube.com/watch?v=UiGeR0lwpkI","404","oEmbed not found; likely unavailable, confirm manually"
"Bing Crosby","Here Comes Santa Claus","/christmas-artist/343-bing-crosby-here-comes-santa-claus","https://www.youtube.com/watch?v=V9P_rbLwndc","404","oEmbed not found; likely unavailable, confirm manually"
"The Darkness","Christmas Time","/christmas-artist/55-the-darkness-christmas-time","https://www.youtube.com/watch?v=VQhuoY5h2kE","403","oEmbed access denied; review privacy or embedding restrictions"
"Gladys Knight & The Pips","When You Love Someone (It's Christmas Everyday)","/christmas-artist/212-gladys-knight-the-pips-its-christmas-everyday","https://www.youtube.com/watch?v=WLw-VWFi7jM","404","oEmbed not found; likely unavailable, confirm manually"
"The Moonglows","Mistletoe And Holly","/christmas-artist/237-the-moonglows-mistletoe-and-holly","https://www.youtube.com/watch?v=Xa2tpRhvaxI","404","oEmbed not found; likely unavailable, confirm manually"
"Shane MacGowan & Popes","Christmas Lullaby","/christmas-artist/163-shane-macgowan-popes-christmas-lullaby","https://www.youtube.com/watch?v=XyBmaDEL9Qw","404","oEmbed not found; likely unavailable, confirm manually"
"Elsa and Anna","Do you wanna build a snowman","/christmas-artist/48-elsa-and-anna-do-you-wanna-build-a-snowman","https://www.youtube.com/watch?v=YPv1J9otAM4","401","oEmbed access denied; review privacy or embedding restrictions"
"Whitney Houston","The First Noel","/christmas-artist/431-whitney-houston-the-first-noel","https://www.youtube.com/watch?v=YaukRXZzxeo","404","oEmbed not found; likely unavailable, confirm manually"
"Bing Crosby","Ill Be Home For Christmas","/christmas-artist/209-bing-crosby-ill-be-home-for-christmas","https://www.youtube.com/watch?v=_MD-cxwJ5o8","404","oEmbed not found; likely unavailable, confirm manually"
"Burl Ives","Rudolph The Red-Nosed Reindeer","/christmas-artist/252-burl-ives-rudolph-the-red-nosed-reindeer","https://www.youtube.com/watch?v=_nYopnZ9Y7g","404","oEmbed not found; likely unavailable, confirm manually"
"SWV","Give Love On Christmas Day","/christmas-artist/427-swv-give-love-on-christmas-day","https://www.youtube.com/watch?v=b0yXJZnkfN0","404","oEmbed not found; likely unavailable, confirm manually"
"Les Baxter","Santa Clause's Party","/christmas-artist/269-les-baxter-santa-clauses-party","https://www.youtube.com/watch?v=ckdRLrfaFbA","404","oEmbed not found; likely unavailable, confirm manually"
"Peggy Lee","Santa Claus Is Coming To Town","/christmas-artist/265-peggy-lee-santa-claus-is-coming-to-town","https://www.youtube.com/watch?v=dvFLzuGmBOk","404","oEmbed not found; likely unavailable, confirm manually"
"Christina Aguilera","Merry Christmas Baby","/christmas-artist/59-christina-aguilera-merry-christmas-baby","https://www.youtube.com/watch?v=fCtgLx5oxwo","404","oEmbed not found; likely unavailable, confirm manually"
"S Club 7","Perfect Christmas","/christmas-artist/145-s-club-7-perfect-christmas","https://www.youtube.com/watch?v=hCUit4tMHVg","404","oEmbed not found; likely unavailable, confirm manually"
"Spice Girls","Sleigh Ride","/christmas-artist/424-spice-girls-sleigh-ride","https://www.youtube.com/watch?v=ivJ0sHadwUQ","404","oEmbed not found; likely unavailable, confirm manually"
"Judy Garland","Have Yourself A Merry Little Christmas","/christmas-artist/192-judy-garland-have-yourself-a-merry-little-christmas","https://www.youtube.com/watch?v=nH9RyySpkU8","404","oEmbed not found; likely unavailable, confirm manually"
"Barbra Streisand","Jingle Bells","/christmas-artist/219-barbra-streisand-jingle-bells","https://www.youtube.com/watch?v=qzgrYeSI7vs","404","oEmbed not found; likely unavailable, confirm manually"
"Johnny Mathis","Little Drummer Boy","/christmas-artist/228-johnny-mathis-little-drummer-boy","https://www.youtube.com/watch?v=s7u0idCI1Z4","404","oEmbed not found; likely unavailable, confirm manually"
"Peter Lemongello","Let it Snow","/christmas-artist/463-peter-lemongello-let-it-snow","https://www.youtube.com/watch?v=wLqhduumlgI","404","oEmbed not found; likely unavailable, confirm manually"
"John Legend","What A Wonderful World","/christmas-artist/415-john-legend-what-a-wonderful-world","https://www.youtube.com/watch?v=xouJ5tBHX8s","403","oEmbed access denied; review privacy or embedding restrictions"
"Nat King Cole","Mrs Santa Claus","/christmas-artist/239-nat-king-cole-mrs-santa-claus","https://www.youtube.com/watch?v=zmXzTdmEIAs","403","oEmbed access denied; review privacy or embedding restrictions"
