Artist,Song,Page path,YouTube URL,NEW YT LINK
Slade,Merry Xmas Everybody,/christmas-artist/7-slade-merry-xmas-everybody,https://www.youtube.com/watch?v=0A8KT365wlA,https://www.youtube.com/watch?v=WM7M7zSMJcw
Barbra Streisand,The Christmas Song,/christmas-artist/84-barbra-streisand-the-christmas-song,https://www.youtube.com/watch?v=1-Vn0RsLvNM,https://www.youtube.com/watch?v=Dd9ZaR-wxH8
Nat King Cole,O Tannenbaum,/christmas-artist/244-nat-king-cole-o-tannenbaum,https://www.youtube.com/watch?v=2mP9T8BQ_bQ,https://www.youtube.com/watch?v=B5tRE6P8QdY
Jonathan Antoine,Christmas Dream Come True,/christmas-artist/453-jonathan-antoine-christmas-dream-come-true,https://www.youtube.com/watch?v=2qXSzLF7TUg,REMOVE VIDEO OPTION
James Brown,The Christmas Song,/christmas-artist/120-james-brown-the-christmas-song,https://www.youtube.com/watch?v=35MNkV1pXUA,https://www.youtube.com/watch?v=0aub-vI0QMw
Ariana Grande,Last Christmas,/christmas-artist/75-ariana-grande-last-christmas,https://www.youtube.com/watch?v=3GscxGJxlOY,https://www.youtube.com/watch?v=YxlNFzqOkNQ
Freiheit,Keeping The Dream Alive,/christmas-artist/44-freiheit-keeping-the-dream-alive,https://www.youtube.com/watch?v=56scx2Cdpyw,https://www.youtube.com/watch?v=28PTc4WE-RY
Frank Sinatra & Cyndi Lauper,Santa Claus Is Coming To Town,/christmas-artist/111-frank-sinatra-cyndi-lauper-santa-claus-is-coming-to-town,https://www.youtube.com/watch?v=5MzvrTbw0Mk,https://www.youtube.com/watch?v=P4iB6eW21ko
The Ronettes,Frosty The Snowman,/christmas-artist/183-the-ronettes-frosty-the-snowman,https://www.youtube.com/watch?v=76sh1BWCQSc,https://www.youtube.com/watch?v=PQ-ULzAAb20
Geraldine McQueen,Once Upon a Christmas Song,/christmas-artist/113-geraldine-mcqueen-once-upon-a-christmas-song,https://www.youtube.com/watch?v=8kmPz5IbU90,https://www.youtube.com/watch?v=H2fgbN6vTY0
Dido,Christmas Day,/christmas-artist/50-dido-christmas-day,https://www.youtube.com/watch?v=CMFzQhR9dJw,https://www.youtube.com/watch?v=KRnRRpc2fK4
The Wombles,Wombling Merry Christmas,/christmas-artist/150-the-wombles-wombling-merry-christmas,https://www.youtube.com/watch?v=DzAL9ELsFRw,https://www.youtube.com/watch?v=_JhVkWNHaU4
Michael Buble,Blue Christmas,/christmas-artist/133-michael-buble-blue-christmas,https://www.youtube.com/watch?v=EJsDeLdLFY0,https://www.youtube.com/watch?v=im2JjOhTW80
Snap!,Mary Had A Little Boy,/christmas-artist/229-snap-mary-had-a-little-boy,https://www.youtube.com/watch?v=EMEWokWxbmQ,https://www.youtube.com/watch?v=cDQ1wZYTg9s
Sia,Naughty & Nice,/christmas-artist/538-sia-naughty-nice,https://www.youtube.com/watch?v=EZTaWYWP68E,https://www.youtube.com/watch?v=mrepdaQ4vXY
Marie Lind,Unwrap my Heart,/christmas-artist/506-marie-lind-unwrap-my-heart,https://www.youtube.com/watch?v=H2dWHJm-6qM,https://www.youtube.com/watch?v=PpChUcgawtk
Andy Williams,Happy Holidays,/christmas-artist/185-andy-williams-happy-holidays,https://www.youtube.com/watch?v=H2pQbphEipc,https://www.youtube.com/watch?v=oZ5cmrz-mrU
Wilson Phillips,Silent Night,/christmas-artist/276-wilson-phillips-silent-night,https://www.youtube.com/watch?v=Ie5I8WapVBI,https://www.youtube.com/watch?v=y1OCB__XMw0
Greg Lake,I Believe In Father Christmas,/christmas-artist/42-greg-lake-i-believe-in-father-christmas,https://www.youtube.com/watch?v=JPm6CheT6rs,https://www.youtube.com/watch?v=yfY4b1NszpY
Nat King Cole,Frosty The Snowman,/christmas-artist/137-nat-king-cole-frosty-the-snowman,https://www.youtube.com/watch?v=JShpmsmptj4,https://www.youtube.com/watch?v=BOc45sdBHo0
The Fireside Singers,We Wish You A Merry Christmas,/christmas-artist/289-the-fireside-singers-we-wish-you-a-merry-christmas,https://www.youtube.com/watch?v=KB6g5KUM_LI,https://www.youtube.com/watch?v=wMlKhUtsk60
Bo Selecta,Proper Crimbo,/christmas-artist/66-bo-selecta-proper-crimbo,https://www.youtube.com/watch?v=MqBF7TiyATo,https://www.youtube.com/watch?v=ogCkG1spfKk
Bobby Vee,Christmas Vacation,/christmas-artist/96-bobby-vee-christmas-vacation,https://www.youtube.com/watch?v=N9itH65j7Jk,https://www.youtube.com/watch?v=jVVSqfUEq3E
Michael Buble,Silver Bells,/christmas-artist/333-michael-buble-silver-bells,https://www.youtube.com/watch?v=NBLnevQ9yKU,https://www.youtube.com/watch?v=Ll7l2KXygNg
Sammy Davis Jr.,Jingle Bells,/christmas-artist/222-sammy-davis-jr-jingle-bells,https://www.youtube.com/watch?v=OXUSdHAVNoM,https://www.youtube.com/watch?v=awqpPzWezis
Chris Rea,Driving Home For Christmas,/christmas-artist/60-chris-rea-driving-home-for-christmas,https://www.youtube.com/watch?v=THcbQyFtCqg,https://www.youtube.com/watch?v=DDt3u2Ev1cI
Michael Ball,Driving Home For Christmas,/christmas-artist/176-michael-ball-driving-home-for-christmas,https://www.youtube.com/watch?v=THcbQyFtCqg,https://www.youtube.com/watch?v=d-aW5CTsAy4
Frank Sinatra,White Christmas,/christmas-artist/370-frank-sinatra-white-christmas,https://www.youtube.com/watch?v=U3YltnBjqZU,https://www.youtube.com/watch?v=aDmVtvAvR18
Vanessa Williams,What Child Is This?,/christmas-artist/292-vanessa-williams-what-child-is-this,https://www.youtube.com/watch?v=UiGeR0lwpkI,https://www.youtube.com/watch?v=drXoOy8TQoE
Bing Crosby,Here Comes Santa Claus,/christmas-artist/343-bing-crosby-here-comes-santa-claus,https://www.youtube.com/watch?v=V9P_rbLwndc,https://www.youtube.com/watch?v=hoOhcG7x1c4
The Darkness,Christmas Time,/christmas-artist/55-the-darkness-christmas-time,https://www.youtube.com/watch?v=VQhuoY5h2kE,https://www.youtube.com/watch?v=lrVg1toMzuo
Gladys Knight & The Pips,When You Love Someone (It's Christmas Everyday),/christmas-artist/212-gladys-knight-the-pips-its-christmas-everyday,https://www.youtube.com/watch?v=WLw-VWFi7jM,https://www.youtube.com/watch?v=fozQOSQZDBM
The Moonglows,Mistletoe And Holly,/christmas-artist/237-the-moonglows-mistletoe-and-holly,https://www.youtube.com/watch?v=Xa2tpRhvaxI,https://www.youtube.com/watch?v=OpN6FP0Iztk
Shane MacGowan & Popes,Christmas Lullaby,/christmas-artist/163-shane-macgowan-popes-christmas-lullaby,https://www.youtube.com/watch?v=XyBmaDEL9Qw,https://www.youtube.com/watch?v=FqbOCmFQkKQ
Elsa and Anna,Do you wanna build a snowman,/christmas-artist/48-elsa-and-anna-do-you-wanna-build-a-snowman,https://www.youtube.com/watch?v=YPv1J9otAM4,https://www.youtube.com/watch?v=TeQ_TTyLGMs
Whitney Houston,The First Noel,/christmas-artist/431-whitney-houston-the-first-noel,https://www.youtube.com/watch?v=YaukRXZzxeo,https://www.youtube.com/watch?v=enwVrGkvuF0
Bing Crosby,Ill Be Home For Christmas,/christmas-artist/209-bing-crosby-ill-be-home-for-christmas,https://www.youtube.com/watch?v=_MD-cxwJ5o8,https://www.youtube.com/watch?v=UlCy_ZDK_k0
Burl Ives,Rudolph The Red-Nosed Reindeer,/christmas-artist/252-burl-ives-rudolph-the-red-nosed-reindeer,https://www.youtube.com/watch?v=_nYopnZ9Y7g,https://www.youtube.com/watch?v=bMletImQ_cs
SWV,Give Love On Christmas Day,/christmas-artist/427-swv-give-love-on-christmas-day,https://www.youtube.com/watch?v=b0yXJZnkfN0,https://www.youtube.com/watch?v=GRKX0V0R6PU
Les Baxter,Santa Clause's Party,/christmas-artist/269-les-baxter-santa-clauses-party,https://www.youtube.com/watch?v=ckdRLrfaFbA,https://www.youtube.com/watch?v=sVvaCeCXec8
Peggy Lee,Santa Claus Is Coming To Town,/christmas-artist/265-peggy-lee-santa-claus-is-coming-to-town,https://www.youtube.com/watch?v=dvFLzuGmBOk,https://www.youtube.com/watch?v=wp7TiyoNwy8
Christina Aguilera,Merry Christmas Baby,/christmas-artist/59-christina-aguilera-merry-christmas-baby,https://www.youtube.com/watch?v=fCtgLx5oxwo,https://www.youtube.com/watch?v=kCpu-hzeCVc
S Club 7,Perfect Christmas,/christmas-artist/145-s-club-7-perfect-christmas,https://www.youtube.com/watch?v=hCUit4tMHVg,https://www.youtube.com/watch?v=Ak38-eyW35o
Spice Girls,Sleigh Ride,/christmas-artist/424-spice-girls-sleigh-ride,https://www.youtube.com/watch?v=ivJ0sHadwUQ,https://www.youtube.com/watch?v=Qd6_1iDy9ZM
Judy Garland,Have Yourself A Merry Little Christmas,/christmas-artist/192-judy-garland-have-yourself-a-merry-little-christmas,https://www.youtube.com/watch?v=nH9RyySpkU8,https://www.youtube.com/watch?v=Tt9L2uWFI4Y
Barbra Streisand,Jingle Bells,/christmas-artist/219-barbra-streisand-jingle-bells,https://www.youtube.com/watch?v=qzgrYeSI7vs,https://www.youtube.com/watch?v=CYpiWAoNVLg
Johnny Mathis,Little Drummer Boy,/christmas-artist/228-johnny-mathis-little-drummer-boy,https://www.youtube.com/watch?v=s7u0idCI1Z4,https://www.youtube.com/watch?v=DoPTOqyMb04
Peter Lemongello,Let it Snow,/christmas-artist/463-peter-lemongello-let-it-snow,https://www.youtube.com/watch?v=wLqhduumlgI,https://www.youtube.com/watch?v=GxiTaGYY2WE
John Legend,What A Wonderful World,/christmas-artist/415-john-legend-what-a-wonderful-world,https://www.youtube.com/watch?v=xouJ5tBHX8s,https://www.youtube.com/watch?v=jPB5tDx8M84
Nat King Cole,Mrs Santa Claus,/christmas-artist/239-nat-king-cole-mrs-santa-claus,https://www.youtube.com/watch?v=zmXzTdmEIAs,https://www.youtube.com/watch?v=vLcOVaTrUSk